SPECIES;ORIGIN;TYPE
Abies balsamea;Native;GNAME
Abies bifolia;Native;GNAME
Acer negundo;Native;GNAME
Achillea millefolium;Native;GNAME
Acorus americanus;Native;GNAME
Actaea rubra;Native;GNAME
Adoxa moschatellina;Native;GNAME
Agastache foeniculum;Native;GNAME
Agoseris glauca;Native;GNAME
Agrimonia striata;Native;GNAME
Agropyron cristatum;Exotic;GNAME
Agropyron fragile;Exotic;GNAME
Agrostis exarata;Native;GNAME
Agrostis scabra;Native;GNAME
Agrostis stolonifera;Exotic;GNAME
Alisma gramineum;Native;GNAME
Alisma triviale;Native;GNAME
Allium cernuum;Native;GNAME
Allium schoenoprasum;Native;GNAME
Allium textile;Native;GNAME
Alnus incana;Native;GNAME
Alnus viridis;Native;GNAME
Alopecurus aequalis;Native;GNAME
Alopecurus arundinaceus;Exotic;GNAME
Alopecurus geniculatus;Exotic;GNAME
Alopecurus pratensis;Exotic;GNAME
Alyssum alyssoides;Exotic;GNAME
Amaranthus albus;Exotic;GNAME
Amaranthus blitoides;Unknown/Undetermined;GNAME
Amaranthus retroflexus;Exotic;GNAME
Ambrosia artemisiifolia;Native;GNAME
Amelanchier alnifolia;Native;GNAME
Anaphalis margaritacea;Native;GNAME
Andromeda polifolia;Native;GNAME
Androsace occidentalis;Native;GNAME
Androsace septentrionalis;Native;GNAME
Anemone canadensis;Native;GNAME
Anemone cylindrica;Native;GNAME
Anemone multifida;Native;GNAME
Anemone parviflora;Native;GNAME
Anemone quinquefolia;Native;GNAME
Anemone richardsonii;Native;GNAME
Anemone virginiana;Native;GNAME
Antennaria alpina;Native;GNAME
Antennaria microphylla;Native;GNAME
Antennaria neglecta;Native;GNAME
Antennaria parvifolia;Native;GNAME
Antennaria pulcherrima;Native;GNAME
Antennaria rosea;Native;GNAME
Apocynum androsaemifolium;Native;GNAME
Aquilegia brevistyla;Native;GNAME
Arabidopsis lyrata;Native;GNAME
Aralia nudicaulis;Native;GNAME
Arceuthobium americanum;Native;GNAME
Arctagrostis latifolia;Native;GNAME
Arctium minus;Exotic;GNAME
Arctostaphylos uva-ursi;Native;GNAME
Arnica chamissonis;Native;GNAME
Arnica cordifolia;Native;GNAME
Arnica fulgens;Native;GNAME
Arnica latifolia;Native;GNAME
Arnica lonchophylla;Native;GNAME
Arnica sororia;Native;GNAME
Artemisia absinthium;Exotic;GNAME
Artemisia biennis;Native;GNAME
Artemisia campestris;Native;GNAME
Artemisia cana;Native;GNAME
Artemisia frigida;Native;GNAME
Artemisia ludoviciana;Native;GNAME
Artemisia norvegica;Native;GNAME
Aruncus dioicus;Native;GNAME
Asclepias speciosa;Native;GNAME
Asparagus officinalis;Exotic;GNAME
Astragalus agrestis;Native;GNAME
Astragalus alpinus;Native;GNAME
Astragalus americanus;Native;GNAME
Astragalus bisulcatus;Native;GNAME
Astragalus canadensis;Native;GNAME
Astragalus cicer;Exotic;GNAME
Astragalus crassicarpus;Native;GNAME
Astragalus drummondii;Native;GNAME
Astragalus eucosmus;Native;GNAME
Astragalus flexuosus;Native;GNAME
Astragalus miser;Native;GNAME
Astragalus pectinatus;Native;GNAME
Athyrium filix-femina;Native;GNAME
Atriplex gardneri;Native;GNAME
Atriplex prostrata;Exotic;GNAME
Avena fatua;Exotic;GNAME
Avena sativa;Exotic;GNAME
Avenula hookeri;Native;GNAME
Axyris amaranthoides;Exotic;GNAME
Barbarea orthoceras;Native;GNAME
Beckmannia syzigachne;Native;GNAME
Betula neoalaskana;Native;GNAME
Betula occidentalis;Native;GNAME
Betula papyrifera;Native;GNAME
Bidens cernua;Native;GNAME
Bidens frondosa;Native;GNAME
Boechera grahamii;Native;GNAME
Botrychium lunaria;Native;GNAME
Botrychium virginianum;Native;GNAME
Bouteloua gracilis;Native;GNAME
Brassica juncea;Exotic;GNAME
Brassica napus;Exotic;GNAME
Brassica rapa;Exotic;GNAME
Bromus carinatus;Native;GNAME
Bromus ciliatus;Native;GNAME
Bromus commutatus;Exotic;GNAME
Bromus inermis;Exotic;GNAME
Bromus japonicus;Exotic;GNAME
Bromus porteri;Native;GNAME
Bromus tectorum;Exotic;GNAME
Calamagrostis canadensis;Native;GNAME
Calamagrostis montanensis;Native;GNAME
Calamagrostis rubescens;Native;GNAME
Calamagrostis stricta;Native;GNAME
Calla palustris;Native;GNAME
Callitriche hermaphroditica;Native;GNAME
Callitriche palustris;Native;GNAME
Callitriche stenoptera;Native;GNAME
Caltha natans;Native;GNAME
Caltha palustris;Native;GNAME
Calypso bulbosa;Native;GNAME
Campanula rapunculoides;Exotic;GNAME
Campanula rotundifolia;Native;GNAME
Canadanthus modestus;Native;GNAME
Corydalis sempervirens;Native;GNAME
Capsella bursa-pastoris;Exotic;GNAME
Caragana arborescens;Exotic;GNAME
Cardamine pensylvanica;Native;GNAME
Carex adusta;Native;GNAME
Carex aquatilis;Native;GNAME
Carex arcta;Native;GNAME
Carex atherodes;Native;GNAME
Carex athrostachya;Native;GNAME
Carex atrosquama;Native;GNAME
Carex aurea;Native;GNAME
Carex bebbii;Native;GNAME
Carex brevior;Native;GNAME
Carex brunnescens;Native;GNAME
Carex buxbaumii;Native;GNAME
Carex canescens;Native;GNAME
Carex capillaris;Native;GNAME
Carex capitata;Native;GNAME
Carex chordorrhiza;Native;GNAME
Carex concinna;Native;GNAME
Carex crawfordii;Native;GNAME
Carex deflexa;Native;GNAME
Carex deweyana;Native;GNAME
Carex diandra;Native;GNAME
Carex disperma;Native;GNAME
Carex douglasii;Native;GNAME
Carex duriuscula;Native;GNAME
Carex filifolia;Native;GNAME
Carex foenea;Native;GNAME
Carex gynocrates;Native;GNAME
Carex heleonastes;Native;GNAME
Carex hoodii;Native;GNAME
Carex houghtoniana;Native;GNAME
Carex inops;Native;GNAME
Carex interior;Native;GNAME
Carex lacustris;Native;GNAME
Carex lasiocarpa;Native;GNAME
Carex leptalea;Native;GNAME
Carex limosa;Native;GNAME
Carex livida;Native;GNAME
Carex loliacea;Native;GNAME
Carex magellanica;Native;GNAME
Carex microglochin;Native;GNAME
Carex microptera;Native;GNAME
Carex nardina;Native;GNAME
Carex obtusata;Native;GNAME
Carex oligosperma;Native;GNAME
Carex pauciflora;Native;GNAME
Carex pellita;Native;GNAME
Carex praegracilis;Native;GNAME
Carex prairea;Native;GNAME
Carex praticola;Native;GNAME
Carex pseudocyperus;Native;GNAME
Carex retrorsa;Native;GNAME
Carex rostrata;Native;GNAME
Carex sartwellii;Native;GNAME
Carex scirpoidea;Native;GNAME
Carex siccata;Native;GNAME
Carex sprengelii;Native;GNAME
Carex stipata;Native;GNAME
Carex sychnocephala;Native;GNAME
Carex tenera;Native;GNAME
Carex tenuiflora;Native;GNAME
Carex tonsa;Native;GNAME
Carex trisperma;Native;GNAME
Carex utriculata;Native;GNAME
Carex vaginata;Native;GNAME
Carex viridula;Native;GNAME
Carex xerantica;Native;GNAME
Carum carvi;Exotic;GNAME
Cassiope tetragona;Native;GNAME
Castilleja lutescens;Native;GNAME
Castilleja miniata;Native;GNAME
Castilleja occidentalis;Native;GNAME
Castilleja raupii;Native;GNAME
Cerastium arvense;Native;GNAME
Cerastium fontanum;Exotic;GNAME
Cerastium nutans;Native;GNAME
Ceratophyllum demersum;Native;GNAME
Chaenorhinum minus;Exotic;GNAME
Chamaedaphne calyculata;Native;GNAME
Chamaerhodos erecta;Native;GNAME
Chamerion angustifolium;Native;GNAME
Chenopodium simplex;Native;GNAME
Chenopodium album;Exotic;GNAME
Chenopodium atrovirens;Native;GNAME
Chenopodium capitatum;Native;GNAME
Chenopodium fremontii;Native;GNAME
Chenopodium pratericola;Native;GNAME
Chenopodium rubrum;Native;GNAME
Chimaphila umbellata;Native;GNAME
Chrysosplenium iowense;Native;GNAME
Chrysosplenium tetrandrum;Native;GNAME
Cichorium intybus;Exotic;GNAME
Cicuta bulbifera;Native;GNAME
Cicuta maculata;Native;GNAME
Cicuta virosa;Native;GNAME
Cinna latifolia;Native;GNAME
Circaea alpina;Native;GNAME
Cirsium arvense;Exotic;GNAME
Cirsium drummondii;Native;GNAME
Cirsium flodmanii;Native;GNAME
Cirsium undulatum;Native;GNAME
Cirsium vulgare;Exotic;GNAME
Clematis occidentalis;Native;GNAME
Collomia linearis;Native;GNAME
Comandra umbellata;Native;GNAME
Comarum palustre;Native;GNAME
Convolvulus arvensis;Exotic;GNAME
Ranunculus lapponicus;Native;GNAME
Coptis trifolia;Native;GNAME
Corallorhiza maculata;Native;GNAME
Corallorhiza striata;Native;GNAME
Corallorhiza trifida;Native;GNAME
Cornus canadensis;Native;GNAME
Cornus sericea;Native;GNAME
Corydalis aurea;Native;GNAME
Corylus cornuta;Native;GNAME
Escobaria vivipara;Native;GNAME
Crataegus chrysocarpa;Native;GNAME
Crepis runcinata;Native;GNAME
Crepis tectorum;Exotic;GNAME
Cryptogramma acrostichoides;Native;GNAME
Cypripedium acaule;Native;GNAME
Cypripedium parviflorum;Native;GNAME
Cypripedium passerinum;Native;GNAME
Cystopteris fragilis;Native;GNAME
Dactylis glomerata;Exotic;GNAME
Dalea purpurea;Native;GNAME
Danthonia intermedia;Native;GNAME
Danthonia unispicata;Native;GNAME
Dasiphora fruticosa;Native;GNAME
Delphinium bicolor;Native;GNAME
Delphinium glaucum;Native;GNAME
Deschampsia cespitosa;Native;GNAME
Descurainia pinnata;Native;GNAME
Descurainia sophia;Exotic;GNAME
Distichlis spicata;Native;GNAME
Draba nemorosa;Native;GNAME
Dracocephalum parviflorum;Native;GNAME
Drosera anglica;Native;GNAME
Drosera linearis;Native;GNAME
Drosera rotundifolia;Native;GNAME
Dryopteris carthusiana;Native;GNAME
Dryopteris expansa;Native;GNAME
Dryopteris fragrans;Native;GNAME
Elaeagnus angustifolia;Exotic;GNAME
Elaeagnus commutata;Native;GNAME
Eleocharis acicularis;Native;GNAME
Eleocharis erythropoda;Native;GNAME
Eleocharis macrostachya;Native;GNAME
Eleocharis palustris;Native;GNAME
Eleocharis quinqueflora;Native;GNAME
Elodea bifoliata;Native;GNAME
Elodea canadensis;Native;GNAME
Elymus albicans;Native;GNAME
Elymus lanceolatus;Native;GNAME
Elymus repens;Exotic;GNAME
Elymus trachycaulus;Native;GNAME
Empetrum nigrum;Native;GNAME
Epilobium ciliatum;Native;GNAME
Epilobium halleanum;Native;GNAME
Epilobium leptophyllum;Native;GNAME
Epilobium palustre;Native;GNAME
Equisetum arvense;Native;GNAME
Equisetum fluviatile;Native;GNAME
Equisetum hyemale;Native;GNAME
Equisetum laevigatum;Native;GNAME
Equisetum palustre;Native;GNAME
Equisetum pratense;Native;GNAME
Equisetum scirpoides;Native;GNAME
Equisetum sylvaticum;Native;GNAME
Equisetum variegatum;Native;GNAME
Erigeron acris;Native;GNAME
Erigeron caespitosus;Native;GNAME
Conyza canadensis;Native;GNAME
Erigeron elatus;Native;GNAME
Erigeron glabellus;Native;GNAME
Erigeron hyssopifolius;Native;GNAME
Erigeron lonchophyllus;Native;GNAME
Erigeron peregrinus;Native;GNAME
Erigeron philadelphicus;Native;GNAME
Erigeron pumilus;Native;GNAME
Erigeron speciosus;Native;GNAME
Eriogonum flavum;Native;GNAME
Eriophorum angustifolium;Native;GNAME
Eriophorum brachyantherum;Native;GNAME
Eriophorum chamissonis;Native;GNAME
Eriophorum gracile;Native;GNAME
Eriophorum scheuchzeri;Native;GNAME
Eriophorum vaginatum;Native;GNAME
Eriophorum viridicarinatum;Native;GNAME
Erodium cicutarium;Exotic;GNAME
Erucastrum gallicum;Exotic;GNAME
Erysimum asperum;Native;GNAME
Erysimum cheiranthoides;Native;GNAME
Erysimum inconspicuum;Native;GNAME
Eurybia conspicua;Native;GNAME
Euthamia graminifolia;Native;GNAME
Fagopyrum esculentum;Exotic;GNAME
Fagopyrum tataricum;Exotic;GNAME
Festuca campestris;Native;GNAME
Festuca hallii;Native;GNAME
Festuca idahoensis;Native;GNAME
Festuca ovina;Exotic;GNAME
Festuca rubra;Native;GNAME
Festuca saximontana;Native;GNAME
Fragaria vesca;Native;GNAME
Fragaria virginiana;Native;GNAME
Fraxinus pennsylvanica;Native;GNAME
Gaillardia aristata;Native;GNAME
Galeopsis tetrahit;Exotic;GNAME
Galium aparine;Exotic;GNAME
Galium boreale;Native;GNAME
Galium labradoricum;Native;GNAME
Galium spurium;Exotic;GNAME
Galium trifidum;Native;GNAME
Galium triflorum;Native;GNAME
Gaultheria hispidula;Native;GNAME
Gentianella amarella;Native;GNAME
Geocaulon lividum;Native;GNAME
Geranium bicknellii;Native;GNAME
Geranium carolinianum;Native;GNAME
Geranium richardsonii;Native;GNAME
Geranium viscosissimum;Native;GNAME
Geum aleppicum;Native;GNAME
Geum macrophyllum;Native;GNAME
Geum rivale;Native;GNAME
Geum triflorum;Native;GNAME
Glechoma hederacea;Exotic;GNAME
Glyceria borealis;Native;GNAME
Glyceria grandis;Native;GNAME
Glyceria pulchella;Native;GNAME
Glyceria striata;Native;GNAME
Glycyrrhiza lepidota;Native;GNAME
Gnaphalium palustre;Native;GNAME
Gnaphalium uliginosum;Exotic;GNAME
Goodyera repens;Native;GNAME
Grindelia squarrosa;Native;GNAME
Gutierrezia sarothrae;Native;GNAME
Gymnocarpium dryopteris;Native;GNAME
Hackelia deflexa;Native;GNAME
Hackelia floribunda;Native;GNAME
Halenia deflexa;Native;GNAME
Hedeoma hispida;Native;GNAME
Hedysarum alpinum;Native;GNAME
Hedysarum boreale;Native;GNAME
Hedysarum sulphurescens;Native;GNAME
Helenium autumnale;Native;GNAME
Helianthus annuus;Native;GNAME
Helianthus nuttallii;Native;GNAME
Helianthus pauciflorus;Native;GNAME
Hesperostipa comata;Native;GNAME
Hesperostipa curtiseta;Native;GNAME
Hesperostipa spartea;Native;GNAME
Heterotheca villosa;Native;GNAME
Heuchera richardsonii;Native;GNAME
Hieracium albiflorum;Native;GNAME
Hieracium triste;Native;GNAME
Hieracium umbellatum;Native;GNAME
Hippuris vulgaris;Native;GNAME
Hordeum jubatum;Native;GNAME
Hordeum vulgare;Exotic;GNAME
Hudsonia tomentosa;Native;GNAME
Hymenoxys richardsonii;Native;GNAME
Hypericum majus;Native;GNAME
Impatiens capensis;Native;GNAME
Impatiens noli-tangere;Native;GNAME
Isoetes echinospora;Native;GNAME
Iva axillaris;Native;GNAME
Juncus albescens;Native;GNAME
Juncus alpinoarticulatus;Native;GNAME
Juncus brevicaudatus;Native;GNAME
Juncus bufonius;Native;GNAME
Juncus confusus;Native;GNAME
Juncus dudleyi;Native;GNAME
Juncus filiformis;Native;GNAME
Juncus longistylis;Native;GNAME
Juncus nodosus;Native;GNAME
Juncus tenuis;Native;GNAME
Juncus vaseyi;Native;GNAME
Juniperus communis;Native;GNAME
Juniperus horizontalis;Native;GNAME
Kalmia microphylla;Native;GNAME
Kalmia polifolia;Native;GNAME
Koeleria macrantha;Native;GNAME
Krascheninnikovia lanata;Native;GNAME
Lactuca serriola;Exotic;GNAME
Psoralidium lanceolatum;Native;GNAME
Lamium amplexicaule;Exotic;GNAME
Lappula occidentalis;Native;GNAME
Lappula squarrosa;Exotic;GNAME
Larix laricina;Native;GNAME
Lathyrus ochroleucus;Native;GNAME
Lathyrus venosus;Native;GNAME
Lemna trisulca;Native;GNAME
Lemna turionifera;Native;GNAME
Lepidium densiflorum;Native;GNAME
Lepidium ramosissimum;Native;GNAME
Leptarrhena pyrolifolia;Native;GNAME
Leucanthemum vulgare;Exotic;GNAME
Leymus cinereus;Native;GNAME
Leymus innovatus;Native;GNAME
Liatris punctata;Native;GNAME
Lilium philadelphicum;Native;GNAME
Limosella aquatica;Native;GNAME
Linaria vulgaris;Exotic;GNAME
Linnaea borealis;Native;GNAME
Linum lewisii;Native;GNAME
Linum rigidum;Native;GNAME
Liparis loeselii;Native;GNAME
Lithospermum incisum;Native;GNAME
Lithospermum ruderale;Native;GNAME
Lobelia dortmanna;Native;GNAME
Logfia arvensis;Exotic;GNAME
Lolium perenne;Exotic;GNAME
Lolium persicum;Exotic;GNAME
Lonicera dioica;Native;GNAME
Lonicera involucrata;Native;GNAME
Lonicera utahensis;Native;GNAME
Lonicera villosa;Native;GNAME
Lotus corniculatus;Exotic;GNAME
Lupinus argenteus;Native;GNAME
Lupinus sericeus;Native;GNAME
Luzula multiflora;Native;GNAME
Luzula parviflora;Native;GNAME
Lycopodium annotinum;Native;GNAME
Lycopodium dendroideum;Native;GNAME
Lycopodium lagopus;Native;GNAME
Lycopus americanus;Native;GNAME
Lycopus asper;Native;GNAME
Lycopus uniflorus;Native;GNAME
Lygodesmia juncea;Native;GNAME
Lysimachia ciliata;Native;GNAME
Lysimachia thyrsiflora;Native;GNAME
Maianthemum canadense;Native;GNAME
Maianthemum racemosum;Native;GNAME
Maianthemum stellatum;Native;GNAME
Maianthemum trifolium;Native;GNAME
Malaxis monophyllos;Native;GNAME
Malaxis paludosa;Native;GNAME
Matricaria discoidea;Exotic;GNAME
Matteuccia struthiopteris;Native;GNAME
Medicago lupulina;Exotic;GNAME
Medicago sativa;Exotic;GNAME
Melampyrum lineare;Native;GNAME
Melilotus albus;Exotic;GNAME
Melilotus officinalis;Exotic;GNAME
Mentha arvensis;Native;GNAME
Mentha spicata;Exotic;GNAME
Menyanthes trifoliata;Native;GNAME
Mertensia paniculata;Native;GNAME
Mitella nuda;Native;GNAME
Mitella pentandra;Native;GNAME
Moehringia lateriflora;Native;GNAME
Monarda fistulosa;Native;GNAME
Moneses uniflora;Native;GNAME
Monolepis nuttalliana;Native;GNAME
Monotropa uniflora;Native;GNAME
Muhlenbergia asperifolia;Native;GNAME
Muhlenbergia cuspidata;Native;GNAME
Muhlenbergia glomerata;Native;GNAME
Muhlenbergia richardsonis;Native;GNAME
Myosurus minimus;Native;GNAME
Myrica gale;Native;GNAME
Myriophyllum sibiricum;Native;GNAME
Myriophyllum verticillatum;Native;GNAME
Najas flexilis;Native;GNAME
Nassella viridula;Native;GNAME
Listera borealis;Native;GNAME
Listera cordata;Native;GNAME
Neslia paniculata;Exotic;GNAME
Nymphaea leibergii;Native;GNAME
Nymphaea tetragona;Native;GNAME
Oenothera biennis;Native;GNAME
Oenothera nuttallii;Native;GNAME
Onobrychis viciifolia;Exotic;GNAME
Opuntia fragilis;Native;GNAME
Opuntia polyacantha;Native;GNAME
Orobanche fasciculata;Native;GNAME
Orthilia secunda;Native;GNAME
Orthocarpus luteus;Native;GNAME
Oryzopsis asperifolia;Native;GNAME
Osmorhiza berteroi;Native;GNAME
Osmorhiza depauperata;Native;GNAME
Oxytropis borealis;Native;GNAME
Oxytropis campestris;Native;GNAME
Oxytropis deflexa;Native;GNAME
Oxytropis sericea;Native;GNAME
Oxytropis splendens;Native;GNAME
Packera cana;Native;GNAME
Packera indecora;Native;GNAME
Packera pauciflora;Native;GNAME
Packera paupercula;Native;GNAME
Packera streptanthifolia;Native;GNAME
Parnassia fimbriata;Native;GNAME
Parnassia palustris;Native;GNAME
Paronychia sessiliflora;Native;GNAME
Pascopyrum smithii;Native;GNAME
Pedicularis bracteosa;Native;GNAME
Pedicularis groenlandica;Native;GNAME
Pedicularis labradorica;Native;GNAME
Pedicularis parviflora;Native;GNAME
Pediomelum argophyllum;Native;GNAME
Pediomelum esculentum;Native;GNAME
Penstemon albidus;Native;GNAME
Penstemon confertus;Native;GNAME
Penstemon gracilis;Native;GNAME
Penstemon nitidus;Native;GNAME
Penstemon procerus;Native;GNAME
Persicaria maculosa;Exotic;GNAME
Petasites frigidus;Native;GNAME
Phacelia franklinii;Native;GNAME
Phalaris arundinacea;Native;GNAME
Phleum alpinum;Native;GNAME
Phleum pratense;Exotic;GNAME
Phlox hoodii;Native;GNAME
Phragmites australis;Native;GNAME
Physostegia ledinghamii;Native;GNAME
Picea engelmannii;Native;GNAME
Picea glauca;Native;GNAME
Picea mariana;Native;GNAME
Pinus banksiana;Native;GNAME
Pinus contorta;Native;GNAME
Piptatherum pungens;Native;GNAME
Plagiobothrys scouleri;Native;GNAME
Plantago elongata;Native;GNAME
Plantago eriopoda;Native;GNAME
Plantago major;Exotic;GNAME
Plantago patagonica;Native;GNAME
Platanthera aquilonis;Native;GNAME
Platanthera dilatata;Native;GNAME
Platanthera obtusata;Native;GNAME
Platanthera orbiculata;Native;GNAME
Poa annua;Exotic;GNAME
Poa arida;Native;GNAME
Poa compressa;Exotic;GNAME
Poa cusickii;Native;GNAME
Poa glauca;Native;GNAME
Poa interior;Native;GNAME
Poa palustris;Native;GNAME
Poa pratensis;Native;GNAME
Poa secunda;Native;GNAME
Polemonium acutiflorum;Native;GNAME
Polygonum aviculare;Unknown/Undetermined;GNAME
Polygonum erectum;Native;GNAME
Polygonum ramosissimum;Native;GNAME
Polypodium sibiricum;Native;GNAME
Polypodium virginianum;Native;GNAME
Polypogon monspeliensis;Exotic;GNAME
Populus angustifolia;Native;GNAME
Populus balsamifera;Native;GNAME
Populus deltoides;Native;GNAME
Populus tremuloides;Native;GNAME
Potamogeton alpinus;Native;GNAME
Potamogeton amplifolius;Native;GNAME
Potamogeton foliosus;Native;GNAME
Potamogeton friesii;Native;GNAME
Potamogeton gramineus;Native;GNAME
Potamogeton natans;Native;GNAME
Potamogeton nodosus;Native;GNAME
Potamogeton obtusifolius;Native;GNAME
Potamogeton praelongus;Native;GNAME
Potamogeton pusillus;Native;GNAME
Potamogeton richardsonii;Native;GNAME
Potamogeton robbinsii;Native;GNAME
Potamogeton strictifolius;Native;GNAME
Potamogeton zosteriformis;Native;GNAME
Potentilla argentea;Exotic;GNAME
Potentilla bipinnatifida;Native;GNAME
Potentilla concinna;Native;GNAME
Potentilla gracilis;Native;GNAME
Potentilla hippiana;Native;GNAME
Potentilla norvegica;Native;GNAME
Potentilla pensylvanica;Native;GNAME
Potentilla rivalis;Native;GNAME
Primula incana;Native;GNAME
Prosartes trachycarpa;Native;GNAME
Prunella vulgaris;Native;GNAME
Prunus pensylvanica;Native;GNAME
Prunus virginiana;Native;GNAME
Psathyrostachys juncea;Exotic;GNAME
Pseudoroegneria spicata;Native;GNAME
Puccinellia distans;Exotic;GNAME
Puccinellia nuttalliana;Native;GNAME
Pyrola asarifolia;Native;GNAME
Pyrola chlorantha;Native;GNAME
Pyrola elliptica;Native;GNAME
Pyrola minor;Native;GNAME
Pyrrocoma lanceolata;Native;GNAME
Ranunculus abortivus;Native;GNAME
Ranunculus acris;Exotic;GNAME
Ranunculus aquatilis;Native;GNAME
Ranunculus cymbalaria;Native;GNAME
Ranunculus flammula;Native;GNAME
Ranunculus gmelinii;Native;GNAME
Ranunculus hyperboreus;Native;GNAME
Ranunculus macounii;Native;GNAME
Ranunculus pensylvanicus;Native;GNAME
Ranunculus repens;Exotic;GNAME
Ranunculus sceleratus;Native;GNAME
Ratibida columnifera;Native;GNAME
Rhamnus alnifolia;Native;GNAME
Rhinanthus minor;Native;GNAME
Ribes americanum;Native;GNAME
Ribes aureum;Native;GNAME
Ribes glandulosum;Native;GNAME
Ribes hirtellum;Native;GNAME
Ribes hudsonianum;Native;GNAME
Ribes lacustre;Native;GNAME
Ribes oxyacanthoides;Native;GNAME
Ribes triste;Native;GNAME
Rorippa curvipes;Native;GNAME
Rorippa palustris;Native;GNAME
Rosa acicularis;Native;GNAME
Rosa arkansana;Native;GNAME
Rosa woodsii;Native;GNAME
Rubus arcticus;Native;GNAME
Rubus chamaemorus;Native;GNAME
Rubus idaeus;Native;GNAME
Rubus pedatus;Native;GNAME
Rubus pubescens;Native;GNAME
Rumex crispus;Exotic;GNAME
Rumex fueginus;Native;GNAME
Rumex pseudonatronatus;Exotic;GNAME
Rumex stenophyllus;Exotic;GNAME
Rumex triangulivalvis;Native;GNAME
Ruppia cirrhosa;Native;GNAME
Sagittaria cuneata;Native;GNAME
Sagittaria latifolia;Native;GNAME
Salicornia rubra;Native;GNAME
Salix amygdaloides;Native;GNAME
Salix arbusculoides;Native;GNAME
Salix athabascensis;Native;GNAME
Salix barrattiana;Native;GNAME
Salix bebbiana;Native;GNAME
Salix boothii;Native;GNAME
Salix brachycarpa;Native;GNAME
Salix candida;Native;GNAME
Salix discolor;Native;GNAME
Salix drummondiana;Native;GNAME
Salix exigua;Native;GNAME
Salix farriae;Native;GNAME
Salix glauca;Native;GNAME
Salix interior;Native;GNAME
Salix lasiandra;Native;GNAME
Salix maccalliana;Native;GNAME
Salix myrtillifolia;Native;GNAME
Salix pedicellaris;Native;GNAME
Salix petiolaris;Native;GNAME
Salix planifolia;Native;GNAME
Salix prolixa;Native;GNAME
Salix pseudomonticola;Native;GNAME
Salix pseudomyrsinites;Native;GNAME
Salix pyrifolia;Native;GNAME
Salix scouleriana;Native;GNAME
Salix serissima;Native;GNAME
Salix sitchensis;Native;GNAME
Sanicula marilandica;Native;GNAME
Sarracenia purpurea;Native;GNAME
Saxifraga tricuspidata;Native;GNAME
Scheuchzeria palustris;Native;GNAME
Schizachne purpurascens;Native;GNAME
Schoenoplectus acutus;Native;GNAME
Schoenoplectus pungens;Native;GNAME
Schoenoplectus tabernaemontani;Native;GNAME
Scirpus atrocinctus;Native;GNAME
Scirpus microcarpus;Native;GNAME
Scirpus pallidus;Native;GNAME
Scolochloa festucacea;Native;GNAME
Scutellaria galericulata;Native;GNAME
Selaginella densa;Native;GNAME
Senecio eremophilus;Native;GNAME
Senecio lugens;Native;GNAME
Senecio triangularis;Native;GNAME
Senecio vulgaris;Exotic;GNAME
Setaria viridis;Exotic;GNAME
Shepherdia argentea;Native;GNAME
Shepherdia canadensis;Native;GNAME
Sibbaldiopsis tridentata;Native;GNAME
Silene drummondii;Native;GNAME
Silene latifolia;Exotic;GNAME
Silene menziesii;Native;GNAME
Silene noctiflora;Exotic;GNAME
Sinapis alba;Exotic;GNAME
Sinapis arvensis;Exotic;GNAME
Sisymbrium altissimum;Exotic;GNAME
Sisymbrium loeselii;Exotic;GNAME
Sisyrinchium montanum;Native;GNAME
Sium suave;Native;GNAME
Solanum triflorum;Native;GNAME
Solidago altissima;Native;GNAME
Solidago gigantea;Native;GNAME
Solidago lepida;Native;GNAME
Solidago missouriensis;Native;GNAME
Solidago mollis;Native;GNAME
Solidago multiradiata;Native;GNAME
Solidago nemoralis;Native;GNAME
Solidago simplex;Native;GNAME
Sonchus arvensis;Exotic;GNAME
Sonchus asper;Exotic;GNAME
Sonchus oleraceus;Exotic;GNAME
Sorbus aucuparia;Exotic;GNAME
Sorbus scopulina;Native;GNAME
Sparganium angustifolium;Native;GNAME
Sparganium emersum;Native;GNAME
Sparganium eurycarpum;Native;GNAME
Sparganium fluctuans;Native;GNAME
Sparganium natans;Native;GNAME
Spartina gracilis;Native;GNAME
Spergula arvensis;Exotic;GNAME
Spergularia diandra;Exotic;GNAME
Spergularia salina;Native;GNAME
Sphaeralcea coccinea;Native;GNAME
Sphenopholis intermedia;Native;GNAME
Spiraea alba;Native;GNAME
Spiranthes romanzoffiana;Native;GNAME
Stellaria borealis;Native;GNAME
Stellaria calycantha;Native;GNAME
Stellaria crassifolia;Native;GNAME
Stellaria longifolia;Native;GNAME
Stellaria longipes;Native;GNAME
Stellaria media;Exotic;GNAME
Stenanthium occidentale;Native;GNAME
Streptopus amplexifolius;Native;GNAME
Stuckenia filiformis;Native;GNAME
Stuckenia pectinata;Native;GNAME
Stuckenia vaginata;Native;GNAME
Suaeda calceoliformis;Native;GNAME
Symphoricarpos albus;Native;GNAME
Symphoricarpos occidentalis;Native;GNAME
Symphyotrichum boreale;Native;GNAME
Symphyotrichum ciliatum;Native;GNAME
Symphyotrichum ciliolatum;Native;GNAME
Symphyotrichum ericoides;Native;GNAME
Symphyotrichum falcatum;Native;GNAME
Symphyotrichum laeve;Native;GNAME
Symphyotrichum lanceolatum;Native;GNAME
Symphyotrichum puniceum;Native;GNAME
Symphyotrichum subspicatum;Native;GNAME
Syringa vulgaris;Exotic;GNAME
Tanacetum vulgare;Exotic;GNAME
Taraxacum officinale;Exotic;GNAME
Thalictrum dasycarpum;Native;GNAME
Thalictrum occidentale;Native;GNAME
Thalictrum sparsiflorum;Native;GNAME
Thalictrum venulosum;Native;GNAME
Thermopsis rhombifolia;Native;GNAME
Thlaspi arvense;Exotic;GNAME
Tiarella trifoliata;Native;GNAME
Tofieldia pusilla;Native;GNAME
Tragopogon dubius;Exotic;GNAME
Trichophorum alpinum;Native;GNAME
Trientalis borealis;Native;GNAME
Trientalis europaea;Native;GNAME
Trifolium hybridum;Exotic;GNAME
Trifolium pratense;Exotic;GNAME
Trifolium repens;Exotic;GNAME
Triglochin maritima;Native;GNAME
Triglochin palustris;Native;GNAME
Trisetum spicatum;Native;GNAME
Typha latifolia;Native;GNAME
Ulmus americana;Exotic;GNAME
Urtica dioica;Native;GNAME
Utricularia intermedia;Native;GNAME
Utricularia minor;Native;GNAME
Utricularia vulgaris;Native;GNAME
Vaccaria hispanica;Exotic;GNAME
Vaccinium membranaceum;Native;GNAME
Vaccinium myrtilloides;Native;GNAME
Vaccinium oxycoccos;Native;GNAME
Vaccinium uliginosum;Native;GNAME
Vaccinium vitis-idaea;Native;GNAME
Valeriana dioica;Native;GNAME
Verbena bracteata;Native;GNAME
Veronica americana;Native;GNAME
Veronica peregrina;Native;GNAME
Veronica scutellata;Native;GNAME
Viburnum edule;Native;GNAME
Viburnum opulus;Native;GNAME
Vicia americana;Native;GNAME
Vicia cracca;Exotic;GNAME
Viola adunca;Native;GNAME
Viola canadensis;Native;GNAME
Viola nephrophylla;Native;GNAME
Viola palustris;Native;GNAME
Viola renifolia;Native;GNAME
Viola selkirkii;Native;GNAME
Viola tricolor;Exotic;GNAME
Woodsia ilvensis;Native;GNAME
Xanthium strumarium;Native;GNAME
Zannichellia palustris;Native;GNAME
Zigadenus elegans;Native;GNAME
Zizania aquatica;Exotic;GNAME
Zizia aptera;Native;GNAME
Achillea alpina;Native;SNAME..ACIMS.
Anemone patens;Native;SNAME..ACIMS.
Anthoxanthum hirtum;Native;SNAME..ACIMS.
Arabis pycnocarpa;Native;SNAME..ACIMS.
Astragalus laxmannii;Native;SNAME..ACIMS.
Bistorta vivipara;Native;SNAME..ACIMS.
Boechera stricta;Native;SNAME..ACIMS.
Bolboschoenus maritimus;Native;SNAME..ACIMS.
Bromus pumpellianus;Native;SNAME..ACIMS.
Carex media;Native;SNAME..ACIMS.
Cotoneaster lucidus;Exotic;SNAME..ACIMS.
Dieteria canescens;Native;SNAME..ACIMS.
Diphasiastrum complanatum;Native;SNAME..ACIMS.
Drymocallis arguta;Native;SNAME..ACIMS.
Echinochloa crusgalli;Exotic;SNAME..ACIMS.
Elymus violaceus;Native;SNAME..ACIMS.
Euphorbia serpyllifolia;Native;SNAME..ACIMS.
Fallopia convolvulus;Exotic;SNAME..ACIMS.
Galearis rotundifolia;Native;SNAME..ACIMS.
Kochia scoparia;Exotic;SNAME..ACIMS.
Lysimachia maritima;Native;SNAME..ACIMS.
Matricaria chamomilla;Exotic;SNAME..ACIMS.
Mulgedium pulchellum;Native;SNAME..ACIMS.
Nasturtium officinale;Exotic;SNAME..ACIMS.
Nuphar variegata;Native;SNAME..ACIMS.
Oenothera suffrutescens;Native;SNAME..ACIMS.
Peritoma serrulata;Native;SNAME..ACIMS.
Persicaria amphibia;Native;SNAME..ACIMS.
Persicaria lapathifolia;Native;SNAME..ACIMS.
Physaria arenosa;Native;SNAME..ACIMS.
Platanthera huronensis;Native;SNAME..ACIMS.
Potentilla anserina;Native;SNAME..ACIMS.
Rhododendron groenlandicum;Native;SNAME..ACIMS.
Rhododendron tomentosum;Native;SNAME..ACIMS.
Rumex britannica;Native;SNAME..ACIMS.
Rumex occidentalis;Native;SNAME..ACIMS.
Salix famelica;Native;SNAME..ACIMS.
Salsola tragus;Exotic;SNAME..ACIMS.
Solidago rigida;Native;SNAME..ACIMS.
Spirodela polyrhiza;Native;SNAME..ACIMS.
Tephroseris palustris;Native;SNAME..ACIMS.
Triantha glutinosa;Native;SNAME..ACIMS.
Trichophorum cespitosum;Native;SNAME..ACIMS.
Tripleurospermum inodorum;Exotic;SNAME..ACIMS.
Turritis glabra;Native;SNAME..ACIMS.
Xanthisma spinulosum;Native;SNAME..ACIMS.
Arabis holboellii;Native;ABSENT FROM DATABASE
Arctous rubra;Native;ABSENT FROM DATABASE
Betula X sargentii;Native;ABSENT FROM DATABASE
Bistorta bistortoides;Native;ABSENT FROM DATABASE
Bromus biebersteinii;Exotic;ABSENT FROM DATABASE
Carex sect.;Unknown/Undetermined;ABSENT FROM DATABASE
Chenopodium glaucum;Native;ABSENT FROM DATABASE
Dactylorhiza viridis;Native;ABSENT FROM DATABASE
Elymus canadensis;Native;ABSENT FROM DATABASE
Heracleum sphondylium;Native;ABSENT FROM DATABASE
Juncus arcticus;Native;ABSENT FROM DATABASE
Malva neglecta;Exotic;ABSENT FROM DATABASE
Petunia hybrida;Exotic;ABSENT FROM DATABASE
Picea pungens;Exotic;ABSENT FROM DATABASE
Pinus X;Unknown/Undetermined;ABSENT FROM DATABASE
Pisum sativum;Exotic;ABSENT FROM DATABASE
Potentilla supina;Native;ABSENT FROM DATABASE
Rubus X;Unknown/Undetermined;ABSENT FROM DATABASE
Schedonorus arundinaceus;Exotic;ABSENT FROM DATABASE
Schedonorus pratensis;Exotic;ABSENT FROM DATABASE
Scirpus cyperinus;Native;ABSENT FROM DATABASE
Solidago canadensis;Native;ABSENT FROM DATABASE
Spiraea lucida;Native;ABSENT FROM DATABASE
Stachys palustris;Native;ABSENT FROM DATABASE
Thinopyrum intermedium;Exotic;ABSENT FROM DATABASE
Toxicoscordion venenosum;Native;ABSENT FROM DATABASE
Vaccinium cespitosum;Native;ABSENT FROM DATABASE
Veronica alpina;Native;ABSENT FROM DATABASE
X Elyhordeum;Native;ABSENT FROM DATABASE
X Elyleymus;Native;ABSENT FROM DATABASE
Primula conjugens;Native;ABSENT FROM DATABASE
Malva pusilla;Exotic;ABSENT FROM DATABASE
Carex atratiformis;Native;ABSENT FROM DATABASE
Potentilla glaucophylla;Native;ABSENT FROM DATABASE
Carex leptopoda;Native;ABSENT FROM DATABASE
Primula pauciflora;Native;ABSENT FROM DATABASE
Botrychium dusenii;Native;ABSENT FROM DATABASE
