"","SCIENTIFIC_NAME","mean_SSI"
"1","Abies balsamea",0.599051594228129
"2","Abies bifolia",0.93298551531275
"3","Acer negundo",1.38509572583756
"4","Achillea alpina",0.471513684903994
"5","Achillea millefolium",0.182261232157762
"6","Acorus americanus",3.00806731355212
"7","Actaea rubra",0.33026186584667
"8","Adoxa moschatellina",0.859659300700936
"9","Agastache foeniculum",1.38011831788277
"10","Agoseris glauca",0.821690476134747
"11","Agrimonia striata",0.978188769080806
"12","Agropyron cristatum",0.773885354907424
"15","Agrostis scabra",0.246920076136703
"16","Agrostis stolonifera",0.970658228215244
"17","Alisma gramineum",1.18845631058281
"18","Alisma triviale",0.645593781088984
"19","Allium cernuum",1.66337039711278
"21","Allium textile",2.46932017966595
"22","Alnus incana",0.794743289549156
"23","Alnus viridis",0.500134423379839
"24","Alopecurus aequalis",0.474465088133825
"27","Alopecurus pratensis",1.61015297179883
"30","Amaranthus retroflexus",1.84242582560077
"32","Amelanchier alnifolia",0.391610234021254
"34","Andromeda polifolia",1.01730888068311
"35","Androsace occidentalis",1.93324503159904
"36","Androsace septentrionalis",0.869962588600075
"37","Anemone canadensis",0.517010684201552
"38","Anemone cylindrica",0.930146861556944
"39","Anemone multifida",1.07113586853587
"40","Anemone parviflora",2.71580033563769
"41","Anemone patens",0.939837559532067
"43","Anemone richardsonii",3.01950094142652
"44","Anemone virginiana",1.98317039217674
"46","Antennaria microphylla",0.856332573254544
"47","Antennaria neglecta",0.766359329313282
"48","Antennaria parvifolia",0.652163542434519
"50","Antennaria rosea",2.76795787324852
"51","Anthoxanthum hirtum",1.12647132189915
"52","Apocynum androsaemifolium",1.23101392478593
"53","Aquilegia brevistyla",2.81297652092239
"54","Arabidopsis lyrata",2.78183467037011
"55","Arabis holboellii",2.68474536596398
"56","Arabis pycnocarpa",2.06714948405301
"57","Aralia nudicaulis",0.345254788509862
"59","Arctagrostis latifolia",2.95954603973591
"60","Arctium minus",2.10818510677892
"61","Arctostaphylos uva-ursi",0.65135358179463
"62","Arctous rubra",1.81233573195722
"63","Arnica chamissonis",0.818596819239722
"64","Arnica cordifolia",1.10702563047536
"65","Arnica fulgens",0.938537884053965
"68","Arnica sororia",1.56993899789289
"69","Artemisia absinthium",1.17967134013221
"70","Artemisia biennis",0.850422693941121
"71","Artemisia campestris",1.99931493302168
"72","Artemisia cana",0.627377164763699
"73","Artemisia frigida",0.444968676737695
"74","Artemisia ludoviciana",0.383040138636651
"76","Aruncus dioicus",1.940364975444
"77","Asclepias speciosa",1.98815071352654
"79","Astragalus agrestis",0.675619442861216
"80","Astragalus alpinus",2.54393154466863
"81","Astragalus americanus",0.823435128091817
"83","Astragalus canadensis",0.617811738226326
"84","Astragalus cicer",1.2316531251828
"85","Astragalus crassicarpus",2.51597148662474
"88","Astragalus flexuosus",2.51716552959062
"89","Astragalus laxmannii",1.29677233732881
"91","Astragalus pectinatus",0.986769962250448
"92","Athyrium filix-femina",1.09882763280517
"93","Atriplex gardneri",1.62528430906557
"94","Atriplex prostrata",1.34472354096014
"95","Avena fatua",1.46375716537612
"97","Avenula hookeri",1.41065932048856
"98","Axyris amaranthoides",0.767773114095288
"100","Beckmannia syzigachne",0.528428333775647
"101","Betula neoalaskana",0.721347303296348
"102","Betula occidentalis",0.894941544037949
"103","Betula papyrifera",0.546801113555042
"104","Betula X sargentii",0.846187821632957
"105","Bidens cernua",0.49351334448716
"106","Bidens frondosa",1.97125440944327
"108","Bistorta vivipara",1.18678079119509
"111","Bolboschoenus maritimus",0.671045992573445
"114","Botrychium virginianum",0.795863219112844
"115","Bouteloua gracilis",0.635912491166022
"117","Brassica napus",1.42719747771508
"118","Brassica rapa",1.40545673785261
"119","Bromus biebersteinii",2.0603892103159
"121","Bromus ciliatus",0.764699778523642
"123","Bromus inermis",0.697513682717998
"124","Bromus japonicus",1.9995086026927
"126","Bromus pumpellianus",1.30526722636549
"127","Bromus tectorum",1.09374756968219
"128","Calamagrostis canadensis",0.391342375182824
"129","Calamagrostis montanensis",0.796501515250231
"130","Calamagrostis rubescens",1.99746305918715
"131","Calamagrostis stricta",0.435271957740732
"132","Calla palustris",1.0141880383161
"133","Callitriche hermaphroditica",1.0406282756798
"134","Callitriche palustris",1.12343762449564
"136","Caltha natans",1.73715539167079
"137","Caltha palustris",0.927059817664839
"140","Campanula rotundifolia",0.490805727782911
"141","Canadanthus modestus",0.944416944931299
"142","Capsella bursa-pastoris",1.16165284735772
"144","Cardamine pensylvanica",1.11263662690906
"146","Carex aquatilis",0.573839247758527
"147","Carex arcta",2.99171080763401
"148","Carex atherodes",0.387757067152111
"149","Carex athrostachya",1.34381870575033
"152","Carex aurea",0.574671920480835
"153","Carex bebbii",0.413570197379094
"154","Carex brevior",1.42159414959259
"155","Carex brunnescens",0.750770720216659
"156","Carex buxbaumii",3.04767390086703
"157","Carex canescens",0.788427345000457
"158","Carex capillaris",1.59924393426366
"159","Carex capitata",1.82060375916553
"160","Carex chordorrhiza",1.06800705931245
"162","Carex crawfordii",0.716580667829132
"163","Carex deflexa",2.72337865388428
"164","Carex deweyana",0.908743364946025
"165","Carex diandra",0.852007422897041
"166","Carex disperma",0.81965468184933
"167","Carex douglasii",1.61668579581621
"168","Carex duriuscula",0.544443353795193
"170","Carex foenea",0.432225109221974
"171","Carex gynocrates",0.779385877030989
"172","Carex heleonastes",2.43454422027428
"175","Carex inops",1.08693290185858
"176","Carex interior",1.00437362609186
"177","Carex lacustris",0.684540880228491
"178","Carex lasiocarpa",0.798669133691352
"179","Carex leptalea",0.852759550586617
"181","Carex limosa",0.917615734534754
"182","Carex livida",1.06700552941798
"183","Carex loliacea",2.53385296687781
"184","Carex magellanica",0.957763552024012
"185","Carex media",1.48779382337298
"187","Carex microptera",1.15190915200709
"189","Carex obtusata",1.81767592445566
"190","Carex oligosperma",3.15849828706208
"191","Carex pauciflora",0.828443429646602
"192","Carex pellita",0.514359459158452
"193","Carex praegracilis",0.630446510280624
"194","Carex prairea",0.853686935023216
"195","Carex praticola",1.10448663269059
"196","Carex pseudocyperus",1.50094262099842
"198","Carex rostrata",0.72904126904132
"199","Carex sartwellii",0.468658957802518
"200","Carex scirpoidea",2.65281293697865
"202","Carex siccata",0.965702399176335
"204","Carex stipata",1.25972339855009
"205","Carex sychnocephala",1.04997379045906
"206","Carex tenera",1.532992049922
"207","Carex tenuiflora",0.983145628853727
"209","Carex trisperma",1.04970776618536
"210","Carex utriculata",0.427544716461523
"211","Carex vaginata",0.794066240782352
"212","Carex viridula",1.74286995461399
"213","Carum carvi",0.835755744477569
"214","Cassiope tetragona",2.82423156230462
"216","Castilleja miniata",0.925096515951986
"217","Castilleja occidentalis",2.71303183303551
"218","Castilleja raupii",1.36723064669349
"219","Cerastium arvense",0.795370063767961
"220","Cerastium fontanum",0.764731923919928
"221","Cerastium nutans",1.24383167110676
"222","Ceratophyllum demersum",0.248943496357473
"224","Chamaedaphne calyculata",1.36681524320373
"225","Chamaerhodos erecta",2.70880221856616
"226","Chamerion angustifolium",0.345483148059131
"227","Chenopodium album",0.760513704334773
"229","Chenopodium capitatum",1.07904870395375
"230","Chenopodium fremontii",1.29055902825854
"231","Chenopodium glaucum",0.727593921164878
"232","Chenopodium pratericola",1.36801503579931
"233","Chenopodium rubrum",0.997400956570609
"236","Chrysosplenium iowense",1.59245047309241
"237","Chrysosplenium tetrandrum",0.882135004056411
"239","Cicuta bulbifera",0.902453068457215
"240","Cicuta maculata",0.437441424067174
"241","Cicuta virosa",3.04423040880721
"242","Cinna latifolia",2.40265218359208
"243","Circaea alpina",0.797006275681275
"244","Cirsium arvense",0.522709822298593
"246","Cirsium flodmanii",1.0541138955471
"247","Cirsium undulatum",0.965645288927557
"248","Cirsium vulgare",0.8721425738226
"250","Collomia linearis",1.19024904289561
"251","Comandra umbellata",0.52445338366252
"252","Comarum palustre",0.877736701239338
"253","Convolvulus arvensis",1.71784822765244
"254","Conyza canadensis",0.793214524913435
"255","Coptis trifolia",1.74381185307888
"256","Corallorhiza maculata",1.37849846288326
"257","Corallorhiza striata",1.4992769134836
"258","Corallorhiza trifida",1.6196533660075
"259","Cornus canadensis",0.51279698085431
"260","Cornus sericea",0.38020124486831
"261","Corydalis aurea",1.83173711697862
"262","Corydalis sempervirens",2.0526285184582
"263","Corylus cornuta",1.19850184288172
"266","Crepis runcinata",2.80412474899223
"267","Crepis tectorum",0.612789084277236
"268","Cryptogramma acrostichoides",3.16227766016838
"270","Cypripedium parviflorum",2.78841236533873
"271","Cypripedium passerinum",1.96857130526451
"273","Dactylis glomerata",1.02969790808017
"274","Dactylorhiza viridis",1.35639257317107
"275","Dalea purpurea",2.63699115957207
"276","Danthonia intermedia",1.57096705645613
"278","Dasiphora fruticosa",0.959970528205738
"280","Delphinium glaucum",0.814415121912743
"281","Deschampsia cespitosa",0.404935919194347
"283","Descurainia sophia",1.10102476283339
"285","Diphasiastrum complanatum",1.41925953360384
"286","Distichlis spicata",0.643366401283016
"288","Dracocephalum parviflorum",1.08878887104158
"289","Drosera anglica",0.965245303514936
"290","Drosera linearis",3.03866901265437
"291","Drosera rotundifolia",1.11323983036893
"292","Drymocallis arguta",1.49847745698826
"293","Dryopteris carthusiana",1.17192277407008
"294","Dryopteris expansa",0.942892738255914
"297","Elaeagnus angustifolia",1.29099444873581
"298","Elaeagnus commutata",0.461030037140776
"299","Eleocharis acicularis",0.632718759253331
"300","Eleocharis erythropoda",1.25964236140153
"301","Eleocharis macrostachya",1.668403685355
"302","Eleocharis palustris",0.338586430032341
"303","Eleocharis quinqueflora",1.79161340431532
"304","Elodea bifoliata",1.25640677201524
"305","Elodea canadensis",1.92089592910762
"306","Elymus albicans",1.37311796200275
"308","Elymus lanceolatus",1.15199753607857
"309","Elymus repens",0.774938004626051
"310","Elymus trachycaulus",0.310311851732986
"311","Empetrum nigrum",1.3513246158775
"312","Epilobium ciliatum",0.38090598116506
"313","Epilobium halleanum",1.64436898603091
"314","Epilobium leptophyllum",0.972468116311062
"315","Epilobium palustre",0.748531101824284
"316","Equisetum arvense",0.195523856986113
"317","Equisetum fluviatile",0.750036922322377
"318","Equisetum hyemale",0.839491246270405
"319","Equisetum laevigatum",1.70137142345194
"320","Equisetum palustre",0.585790412679176
"321","Equisetum pratense",0.659569555806763
"322","Equisetum scirpoides",0.838859874958699
"323","Equisetum sylvaticum",0.50334448644637
"324","Equisetum variegatum",2.56206997399302
"325","Erigeron acris",1.06124906619009
"326","Erigeron caespitosus",1.10951371272921
"328","Erigeron glabellus",0.860037224322425
"330","Erigeron lonchophyllus",1.62200401540203
"332","Erigeron philadelphicus",0.847662387713745
"333","Erigeron pumilus",1.27599801425002
"336","Eriophorum angustifolium",1.2597625345142
"337","Eriophorum brachyantherum",2.07831970124601
"338","Eriophorum chamissonis",1.32103328593095
"339","Eriophorum gracile",1.02515196949876
"340","Eriophorum scheuchzeri",3.04995174256763
"341","Eriophorum vaginatum",1.04788805872617
"342","Eriophorum viridicarinatum",1.13675035187862
"343","Erodium cicutarium",1.74801474695025
"344","Erucastrum gallicum",0.954273344812815
"345","Erysimum asperum",1.52715559018647
"346","Erysimum cheiranthoides",0.689965595372556
"347","Erysimum inconspicuum",0.749626219244276
"348","Escobaria vivipara",2.54125703048825
"349","Euphorbia serpyllifolia",3.16227766016838
"350","Eurybia conspicua",0.379399972464939
"351","Euthamia graminifolia",1.99371351382085
"352","Fagopyrum esculentum",1.91070501407037
"353","Fagopyrum tataricum",1.81491119144921
"354","Fallopia convolvulus",1.18129117078865
"355","Festuca hallii",0.954099988820091
"356","Festuca idahoensis",2.01609344850724
"358","Festuca rubra",0.446023497671585
"359","Festuca saximontana",0.777050603929552
"360","Fragaria vesca",0.517696024904231
"361","Fragaria virginiana",0.26280710234477
"363","Gaillardia aristata",0.693121422714547
"364","Galearis rotundifolia",1.0306484778696
"365","Galeopsis tetrahit",0.595156506663779
"366","Galium aparine",1.43813566370753
"367","Galium boreale",0.306084662907669
"368","Galium labradoricum",0.850090247713581
"370","Galium trifidum",0.622467132382718
"371","Galium triflorum",0.477212444839822
"372","Gaultheria hispidula",0.95035382933825
"373","Gentianella amarella",0.965337730416707
"374","Geocaulon lividum",1.01995890212478
"375","Geranium bicknellii",1.31706112570113
"377","Geranium richardsonii",1.73725408512918
"378","Geranium viscosissimum",0.909274748207244
"379","Geum aleppicum",0.486334354283375
"380","Geum macrophyllum",0.419447772648218
"381","Geum rivale",0.810301141379392
"382","Geum triflorum",0.582805183323822
"383","Glyceria borealis",0.788536906167503
"384","Glyceria grandis",0.582992299429409
"385","Glyceria pulchella",1.21547604570529
"386","Glyceria striata",0.730350238439702
"387","Glycyrrhiza lepidota",0.490437002857633
"388","Gnaphalium palustre",0.988061426259972
"389","Gnaphalium uliginosum",1.00442810165057
"390","Goodyera repens",1.95101477422405
"391","Grindelia squarrosa",0.386487907874565
"392","Gutierrezia sarothrae",1.11084552546531
"393","Gymnocarpium dryopteris",0.775171039567402
"394","Hackelia deflexa",0.967438783939397
"396","Halenia deflexa",0.880844401875652
"398","Hedysarum alpinum",0.676115027687222
"400","Helenium autumnale",1.98522382803155
"401","Helianthus annuus",2.81349241098915
"404","Heracleum sphondylium",0.525098835590367
"405","Hesperostipa comata",0.877088574092752
"406","Hesperostipa curtiseta",1.14762810804029
"408","Heterotheca villosa",0.551852471349525
"409","Heuchera richardsonii",0.587655077418263
"410","Hieracium albiflorum",1.53871801731253
"412","Hieracium umbellatum",0.359484232320125
"413","Hippuris vulgaris",0.679270364772144
"414","Hordeum jubatum",0.524958657126144
"415","Hordeum vulgare",1.57854728767642
"417","Hymenoxys richardsonii",2.44676706800895
"418","Hypericum majus",3.16227766016838
"419","Impatiens capensis",2.84553876676085
"421","Isoetes echinospora",3.16227766016838
"422","Iva axillaris",0.89311929867867
"423","Juncus albescens",1.23050630399672
"424","Juncus alpinoarticulatus",0.884390121789905
"425","Juncus arcticus",0.394465209339478
"426","Juncus brevicaudatus",3.16227766016838
"427","Juncus bufonius",0.643240859339187
"428","Juncus confusus",1.56770488823144
"430","Juncus filiformis",2.12516443656714
"431","Juncus longistylis",1.08520047052768
"432","Juncus nodosus",0.706260573579544
"433","Juncus tenuis",0.833481549764504
"434","Juncus vaseyi",1.43301884641146
"435","Juniperus communis",1.73363798568822
"436","Juniperus horizontalis",2.96210630994085
"437","Kalmia microphylla",1.83134594781342
"438","Kalmia polifolia",1.65812841198681
"439","Kochia scoparia",1.04298183581717
"440","Koeleria macrantha",0.413078049497902
"441","Krascheninnikovia lanata",1.43284763629022
"442","Lactuca serriola",1.05009552301233
"443","Lamium amplexicaule",3.05843796002503
"444","Lappula occidentalis",1.56993899789289
"445","Lappula squarrosa",0.636578717949825
"446","Larix laricina",0.861537141045515
"447","Lathyrus ochroleucus",0.456479817784725
"448","Lathyrus venosus",1.11497575572658
"449","Lemna trisulca",0.513248243596359
"450","Lemna turionifera",0.284062034197799
"451","Lepidium densiflorum",0.745034073659986
"452","Lepidium ramosissimum",1.6373806050808
"456","Leymus innovatus",0.415760647282202
"457","Liatris punctata",1.83487811650851
"458","Lilium philadelphicum",0.927171967274055
"459","Limosella aquatica",1.69967317119759
"460","Linaria vulgaris",0.86066296582387
"461","Linnaea borealis",0.527437289044548
"462","Linum lewisii",0.828647897492833
"466","Listera cordata",0.886266474613333
"467","Lithospermum incisum",1.2074658202919
"468","Lithospermum ruderale",2.76671571686086
"473","Lonicera dioica",0.704074411547264
"474","Lonicera involucrata",0.496057982736059
"476","Lonicera villosa",0.877208297946478
"477","Lotus corniculatus",1.22630562312312
"479","Lupinus sericeus",2.74017540657184
"480","Luzula multiflora",2.14694235391739
"481","Luzula parviflora",0.686323077334413
"482","Lycopodium annotinum",0.70396529784477
"483","Lycopodium dendroideum",1.08217550308564
"484","Lycopodium lagopus",1.35795056141501
"485","Lycopus americanus",0.917150615009279
"486","Lycopus asper",0.674658683041037
"487","Lycopus uniflorus",0.74380847616613
"488","Lygodesmia juncea",1.73018900080414
"489","Lysimachia ciliata",1.9436506316151
"490","Lysimachia maritima",0.488817190507317
"491","Lysimachia thyrsiflora",0.86230182205525
"492","Maianthemum canadense",0.364882641048421
"494","Maianthemum stellatum",0.405114514168935
"495","Maianthemum trifolium",0.91345302236113
"496","Malaxis monophyllos",2.97872839045623
"498","Malva neglecta",1.9436506316151
"500","Matricaria chamomilla",1.29099444873581
"501","Matricaria discoidea",0.715763872493235
"503","Medicago lupulina",0.567259621565089
"504","Medicago sativa",0.812182555916373
"505","Melampyrum lineare",1.66475579339242
"506","Melilotus albus",0.590954925889276
"507","Melilotus officinalis",0.544893037003417
"508","Mentha arvensis",0.387331846195852
"510","Menyanthes trifoliata",0.925128893705467
"511","Mertensia paniculata",0.369153297850894
"512","Mitella nuda",0.611658570876679
"513","Mitella pentandra",2.69350344625807
"514","Moehringia lateriflora",0.75360294319471
"515","Monarda fistulosa",1.58816687510845
"516","Moneses uniflora",0.975284041264949
"517","Monolepis nuttalliana",0.841961318422475
"521","Muhlenbergia glomerata",2.43235599651457
"522","Muhlenbergia richardsonis",1.31360013261377
"523","Mulgedium pulchellum",0.457888372793431
"525","Myrica gale",1.73196313893032
"526","Myriophyllum sibiricum",0.420451277056834
"527","Myriophyllum verticillatum",0.763704571764072
"528","Najas flexilis",1.37905434649596
"529","Nassella viridula",0.636901645449959
"531","Neslia paniculata",1.74801474695025
"532","Nuphar variegata",0.89783191619482
"533","Nymphaea leibergii",2.49921756070625
"534","Nymphaea tetragona",3.03165768190445
"535","Oenothera biennis",1.22805034042769
"537","Oenothera suffrutescens",1.12359930585367
"539","Opuntia fragilis",2.79650757228834
"540","Opuntia polyacantha",1.49968678222192
"541","Orobanche fasciculata",2.00897273891735
"542","Orthilia secunda",0.620502674819553
"543","Orthocarpus luteus",1.9038514910124
"544","Oryzopsis asperifolia",1.51425105010582
"545","Osmorhiza depauperata",0.767479901960016
"547","Oxytropis campestris",0.79824629321165
"548","Oxytropis deflexa",2.23193366803766
"549","Oxytropis sericea",2.55910933944812
"550","Oxytropis splendens",1.96305536649642
"551","Packera cana",1.83999446158743
"554","Packera paupercula",1.11236338074475
"557","Parnassia palustris",0.752868093073339
"559","Pascopyrum smithii",0.419778739928918
"560","Pedicularis bracteosa",2.70904106331339
"561","Pedicularis groenlandica",0.853607243472798
"562","Pedicularis labradorica",1.15723295378669
"563","Pedicularis parviflora",0.946403267815525
"568","Penstemon gracilis",1.98372183927735
"570","Penstemon procerus",0.849917236209373
"571","Peritoma serrulata",1.92957044606118
"572","Persicaria amphibia",0.356690551520626
"573","Persicaria lapathifolia",0.876537291671301
"574","Persicaria maculosa",1.01941756442097
"575","Petasites frigidus",0.474423200630025
"577","Phacelia franklinii",2.8035984429722
"578","Phalaris arundinacea",0.573072605237002
"579","Phleum alpinum",2.68558815292698
"580","Phleum pratense",0.450785718797335
"581","Phlox hoodii",1.6528756265485
"582","Phragmites australis",1.45003112505965
"585","Picea glauca",0.474055346130667
"586","Picea mariana",0.836849243178297
"588","Pinus banksiana",1.07369215369432
"589","Pinus contorta",0.423396241822565
"590","Pinus X",2.29973188983141
"591","Piptatherum pungens",1.75562822278233
"592","Pisum sativum",2.35062315852485
"593","Plagiobothrys scouleri",1.13903048700853
"594","Plantago elongata",2.11643119817212
"595","Plantago eriopoda",1.98507807390714
"596","Plantago major",0.582514766187696
"597","Plantago patagonica",1.79727940353345
"599","Platanthera dilatata",1.37986976172559
"600","Platanthera huronensis",0.550699021816431
"601","Platanthera obtusata",1.30495900814558
"602","Platanthera orbiculata",1.38984182660621
"604","Poa arida",0.986793252130088
"605","Poa compressa",0.853651857575888
"608","Poa interior",1.11978728656467
"609","Poa palustris",0.299224838756196
"610","Poa pratensis",0.349494286695313
"611","Poa secunda",0.732818659652614
"612","Polemonium acutiflorum",1.05401495349279
"613","Polygonum aviculare",0.703638685702131
"614","Polygonum erectum",0.963487133765521
"615","Polygonum ramosissimum",1.98522382803155
"618","Polypogon monspeliensis",2.95004239043392
"619","Populus balsamifera",0.290808482730301
"620","Populus deltoides",2.12438968884444
"621","Populus tremuloides",0.233024870294276
"622","Potamogeton alpinus",1.3579316750546
"623","Potamogeton amplifolius",3.02325274608939
"624","Potamogeton foliosus",1.89436731953616
"625","Potamogeton friesii",0.330085144990717
"626","Potamogeton gramineus",0.801615605875329
"627","Potamogeton natans",0.996301875368357
"629","Potamogeton obtusifolius",1.80204745883689
"630","Potamogeton praelongus",0.964884571160116
"631","Potamogeton pusillus",0.479323158127968
"632","Potamogeton richardsonii",0.255333661700553
"633","Potamogeton robbinsii",1.52997751807619
"634","Potamogeton strictifolius",0.768629401285293
"635","Potamogeton zosteriformis",1.02139180034251
"636","Potentilla anserina",0.577931363667705
"637","Potentilla argentea",1.73447573892128
"638","Potentilla bipinnatifida",1.11378225340584
"639","Potentilla concinna",1.98463345673778
"640","Potentilla glaucophylla",3.16227766016838
"641","Potentilla gracilis",0.533007339883232
"642","Potentilla hippiana",0.765876911736611
"643","Potentilla norvegica",0.307942233931263
"644","Potentilla pensylvanica",0.993327647863046
"645","Potentilla rivalis",1.0158317161788
"646","Potentilla supina",1.13925121856895
"648","Primula incana",1.84297646448253
"650","Prosartes trachycarpa",0.77972695512027
"652","Prunus pensylvanica",0.809086285397424
"653","Prunus virginiana",0.660335724576618
"654","Psathyrostachys juncea",1.03184815081942
"657","Puccinellia distans",1.04375081352623
"658","Puccinellia nuttalliana",0.705561899396014
"659","Pyrola asarifolia",0.534222423098854
"660","Pyrola chlorantha",0.810036287845062
"661","Pyrola elliptica",1.1873020933756
"662","Pyrola minor",1.59811250353479
"663","Pyrrocoma lanceolata",1.70128258110945
"664","Ranunculus abortivus",1.30636620285607
"665","Ranunculus acris",0.693219758367016
"666","Ranunculus aquatilis",0.749003489154105
"667","Ranunculus cymbalaria",0.432345730060364
"668","Ranunculus flammula",2.68505674953646
"669","Ranunculus gmelinii",0.653653953081993
"670","Ranunculus hyperboreus",1.91287605123892
"671","Ranunculus lapponicus",1.22662372299678
"672","Ranunculus macounii",0.409287593264196
"673","Ranunculus pensylvanicus",2.76557645380921
"675","Ranunculus sceleratus",0.509886056603576
"676","Ratibida columnifera",1.04295330376092
"677","Rhamnus alnifolia",1.61192506129852
"678","Rhinanthus minor",0.540926040049221
"679","Rhododendron groenlandicum",0.769824893305142
"680","Rhododendron tomentosum",1.98497692744944
"681","Ribes americanum",0.666562292745496
"683","Ribes glandulosum",0.5291732876653
"684","Ribes hirtellum",0.656956409917981
"685","Ribes hudsonianum",0.816154244898408
"686","Ribes lacustre",0.520879131073313
"687","Ribes oxyacanthoides",0.391611957089113
"688","Ribes triste",0.533623719303039
"690","Rorippa palustris",0.510841450247745
"691","Rosa acicularis",0.217489023105993
"692","Rosa arkansana",0.671927516365472
"693","Rosa woodsii",0.421023809699088
"694","Rubus arcticus",0.807574559590007
"695","Rubus chamaemorus",1.02165581134701
"696","Rubus idaeus",0.28665783650089
"697","Rubus pedatus",1.04824144795898
"698","Rubus pubescens",0.403317461157171
"700","Rumex britannica",1.31197755101185
"701","Rumex crispus",0.507828043003557
"702","Rumex fueginus",0.800766630067024
"703","Rumex occidentalis",0.441661721279389
"704","Rumex pseudonatronatus",1.24461044575053
"705","Rumex stenophyllus",1.54766527912131
"706","Rumex triangulivalvis",0.58381278479685
"707","Ruppia cirrhosa",1.052714193958
"708","Sagittaria cuneata",0.928392695611589
"709","Sagittaria latifolia",2.66036290350147
"710","Salicornia rubra",0.862151440424497
"711","Salix amygdaloides",2.10818510677892
"712","Salix arbusculoides",0.695583649582177
"713","Salix athabascensis",1.40129269567013
"715","Salix bebbiana",0.305382530602815
"716","Salix brachycarpa",1.52639405402671
"717","Salix candida",0.94876680075445
"718","Salix discolor",0.493580824810093
"719","Salix drummondiana",1.52697333089068
"720","Salix exigua",0.772223089362837
"721","Salix famelica",1.12499441155293
"723","Salix glauca",1.2539914696382
"724","Salix interior",1.19377385036517
"725","Salix lasiandra",0.77233766402116
"726","Salix maccalliana",0.80752771638629
"727","Salix myrtillifolia",0.867978542714406
"728","Salix pedicellaris",0.83907227301158
"729","Salix petiolaris",0.516843331623717
"730","Salix planifolia",0.521417665077242
"732","Salix pseudomonticola",0.866797054196897
"733","Salix pseudomyrsinites",1.05452218654291
"734","Salix pyrifolia",0.671402947826973
"735","Salix scouleriana",0.907392177148346
"736","Salix serissima",0.75159019699727
"739","Sanicula marilandica",1.02530554010892
"740","Sarracenia purpurea",2.03150767305392
"741","Saxifraga tricuspidata",3.16227766016838
"742","Schedonorus arundinaceus",1.38509572583756
"743","Schedonorus pratensis",1.74801474695025
"744","Scheuchzeria palustris",1.12330150305592
"745","Schizachne purpurascens",1.20858046741938
"746","Schoenoplectus acutus",0.574371399673572
"747","Schoenoplectus pungens",0.649367515785248
"748","Schoenoplectus tabernaemontani",0.462333300618165
"749","Scirpus atrocinctus",1.24102602499864
"750","Scirpus cyperinus",1.65799129582363
"751","Scirpus microcarpus",0.549604147586119
"753","Scolochloa festucacea",0.725061807458054
"754","Scutellaria galericulata",0.461618895484945
"755","Selaginella densa",0.570824889982551
"756","Senecio eremophilus",0.754885542111085
"757","Senecio lugens",3.0573284149375
"758","Senecio triangularis",3.03097907375373
"759","Senecio vulgaris",0.86559750624745
"760","Setaria viridis",2.1651575916131
"761","Shepherdia argentea",1.1668065998425
"762","Shepherdia canadensis",0.565451837585206
"763","Sibbaldiopsis tridentata",1.11068156500612
"764","Silene drummondii",0.983538213224241
"765","Silene latifolia",1.14636938618717
"767","Silene noctiflora",1.10492102890195
"769","Sinapis arvensis",1.56227919333937
"770","Sisymbrium altissimum",0.991535780927807
"771","Sisymbrium loeselii",0.86066296582387
"772","Sisyrinchium montanum",0.77628623399454
"773","Sium suave",0.361853743840943
"775","Solidago altissima",0.375765568931091
"776","Solidago canadensis",1.06987369149404
"777","Solidago gigantea",1.63138033514416
"778","Solidago lepida",0.741300659953286
"779","Solidago missouriensis",0.863202631113374
"780","Solidago mollis",1.97657840812497
"781","Solidago multiradiata",1.68805675741604
"783","Solidago rigida",1.69613458234399
"784","Solidago simplex",1.48304922746689
"785","Sonchus arvensis",0.472973527121408
"786","Sonchus asper",0.662097597510429
"787","Sonchus oleraceus",1.32115020426747
"789","Sorbus scopulina",0.882065830520717
"790","Sparganium angustifolium",0.983451043243988
"791","Sparganium emersum",3.13174591004496
"792","Sparganium eurycarpum",1.05814442876289
"793","Sparganium natans",1.88327260488135
"794","Spartina gracilis",1.32552156273771
"796","Spergularia diandra",1.25759128149197
"797","Spergularia salina",1.58031087174278
"798","Sphaeralcea coccinea",0.542715964399848
"799","Sphenopholis intermedia",1.99462513128128
"800","Spiraea alba",1.26327692698028
"801","Spiraea lucida",0.822539134986421
"802","Spiranthes romanzoffiana",0.922785192321676
"803","Spirodela polyrhiza",0.585048491029698
"804","Stachys palustris",0.538276234101638
"805","Stellaria calycantha",0.694047468101956
"806","Stellaria crassifolia",1.13731155447403
"807","Stellaria longifolia",0.524885587180228
"808","Stellaria longipes",1.25106932325849
"809","Stellaria media",0.911611085896972
"811","Streptopus amplexifolius",0.852855862857614
"812","Stuckenia filiformis",0.557969198633551
"813","Stuckenia pectinata",0.445233238726344
"814","Stuckenia vaginata",1.63370275573493
"815","Suaeda calceoliformis",0.871829190259446
"816","Symphoricarpos albus",0.540059554892715
"817","Symphoricarpos occidentalis",0.448530410580099
"818","Symphyotrichum boreale",0.594881990220973
"819","Symphyotrichum ciliatum",0.754970222455988
"820","Symphyotrichum ciliolatum",0.464122978056821
"821","Symphyotrichum ericoides",0.69233303683793
"822","Symphyotrichum falcatum",0.447112040787148
"823","Symphyotrichum laeve",0.640952360034243
"824","Symphyotrichum lanceolatum",0.650434562026356
"825","Symphyotrichum puniceum",0.564856411965059
"828","Tanacetum vulgare",1.08289762729783
"829","Taraxacum officinale",0.422480257791059
"830","Tephroseris palustris",1.44225945789085
"832","Thalictrum occidentale",1.97661699682574
"833","Thalictrum sparsiflorum",1.96454575447757
"834","Thalictrum venulosum",0.555720823911791
"835","Thermopsis rhombifolia",0.41698983794041
"836","Thinopyrum intermedium",1.37472343314423
"837","Thlaspi arvense",0.899282197492266
"838","Tiarella trifoliata",1.56706657118532
"839","Tofieldia pusilla",2.69736699042811
"840","Toxicoscordion venenosum",1.13385889616856
"841","Tragopogon dubius",0.516858392394488
"842","Triantha glutinosa",1.19749264680406
"843","Trichophorum alpinum",1.20410294503505
"845","Trientalis borealis",0.697381524931131
"846","Trientalis europaea",2.24061134329503
"847","Trifolium hybridum",0.56568767907125
"848","Trifolium pratense",0.527720240585746
"849","Trifolium repens",0.511081752075071
"850","Triglochin maritima",0.597480635243481
"851","Triglochin palustris",0.902778223583233
"852","Tripleurospermum inodorum",1.01765666758154
"854","Turritis glabra",2.35533894678568
"855","Typha latifolia",0.192796503727309
"857","Urtica dioica",0.381742756653523
"858","Utricularia intermedia",0.911955816522923
"859","Utricularia minor",1.55114890730467
"860","Utricularia vulgaris",0.783694183748458
"862","Vaccinium cespitosum",0.729836700832059
"863","Vaccinium membranaceum",1.45505247275073
"864","Vaccinium myrtilloides",0.638720019989164
"865","Vaccinium oxycoccos",1.01713800562737
"866","Vaccinium uliginosum",1.25173168579235
"867","Vaccinium vitis-idaea",0.809150267981619
"868","Valeriana dioica",2.06505473130587
"869","Verbena bracteata",2.066444630382
"870","Veronica alpina",2.75426306620179
"871","Veronica americana",1.13363748790079
"872","Veronica peregrina",1.03751525986597
"873","Veronica scutellata",1.59569162711938
"874","Viburnum edule",0.431635861500719
"875","Viburnum opulus",0.968344971528128
"876","Vicia americana",0.269574480456521
"878","Viola adunca",0.842696463326497
"879","Viola canadensis",0.457373555300336
"880","Viola nephrophylla",2.99159289910493
"881","Viola palustris",1.49310985211614
"882","Viola renifolia",0.58502641741271
"887","X Elyleymus",1.92543853081666
"888","Xanthisma spinulosum",1.72741637357563
"889","Xanthium strumarium",1.56802404675451
"891","Zigadenus elegans",1.30057439669044
"892","Zizania aquatica",2.49225622395632
"893","Zizia aptera",0.864371825288793
